"","season","word","sentiment","n"
"1","season 1","accepted",1,3
"2","season 1","agree",1,8
"3","season 1","annoyed",-2,4
"4","season 1","annoys",-2,1
"5","season 1","appreciating",2,2
"6","season 1","attack",-1,5
"7","season 1","attacking",-1,3
"8","season 1","attract",1,1
"9","season 1","avoid",-1,6
"10","season 1","bad",-3,7
"11","season 1","bargain",2,5
"12","season 1","bastards",-5,2
"13","season 1","battle",-1,7
"14","season 1","boring",-3,2
"15","season 1","capable",1,6
"16","season 1","chances",2,2
"17","season 1","chaotic",-2,1
"18","season 1","clash",-2,5
"19","season 1","comfortable",2,2
"20","season 1","conflict",-2,4
"21","season 1","curious",1,5
"22","season 1","cute",2,1
"23","season 1","danger",-2,1
"24","season 1","dead",-3,5
"25","season 1","debt",-2,2
"26","season 1","dedicated",2,3
"27","season 1","devastated",-2,2
"28","season 1","die",-3,6
"29","season 1","died",-3,6
"30","season 1","difficult",-1,2
"31","season 1","dirt",-2,2
"32","season 1","disappointed",-2,3
"33","season 1","disappointment",-2,5
"34","season 1","disillusioned",-2,2
"35","season 1","dislike",-2,2
"36","season 1","doubt",-1,3
"37","season 1","dream",1,5
"38","season 1","easy",1,8
"39","season 1","effective",2,2
"40","season 1","enjoying",2,6
"41","season 1","enslaved",-2,2
"42","season 1","evil",-3,5
"43","season 1","exciting",3,1
"44","season 1","fair",2,3
"45","season 1","faith",1,3
"46","season 1","fake",-3,5
"47","season 1","fallen",-2,3
"48","season 1","fan",3,6
"49","season 1","fantastic",4,2
"50","season 1","favor",2,4
"51","season 1","favorite",2,4
"52","season 1","fear",-2,7
"53","season 1","fight",-1,4
"54","season 1","fine",2,2
"55","season 1","fire",-2,8
"56","season 1","fraud",-4,1
"57","season 1","free",1,7
"58","season 1","fuck",-4,6
"59","season 1","fucking",-4,5
"60","season 1","grand",3,5
"61","season 1","granted",1,2
"62","season 1","grey",-1,3
"63","season 1","growing",1,5
"64","season 1","growth",2,2
"65","season 1","guarantee",1,2
"66","season 1","hard",-1,7
"67","season 1","hate",-3,6
"68","season 1","helps",2,8
"69","season 1","honest",2,2
"70","season 1","honour",2,2
"71","season 1","hope",2,6
"72","season 1","improvement",2,2
"73","season 1","justified",2,2
"74","season 1","kill",-3,6
"75","season 1","killed",-3,8
"76","season 1","killing",-3,6
"77","season 1","kills",-3,6
"78","season 1","lol",3,5
"79","season 1","losing",-3,4
"80","season 1","lost",-3,5
"81","season 1","love",3,7
"82","season 1","loved",3,7
"83","season 1","loving",2,5
"84","season 1","lucky",3,3
"85","season 1","masterpiece",4,4
"86","season 1","matter",1,5
"87","season 1","mistakes",-2,2
"88","season 1","motivate",1,3
"89","season 1","murderous",-3,1
"90","season 1","naive",-2,2
"91","season 1","nice",3,8
"92","season 1","pathetic",-2,1
"93","season 1","peace",2,3
"94","season 1","perfectly",3,1
"95","season 1","poor",-2,5
"96","season 1","popular",3,6
"97","season 1","pretty",1,7
"98","season 1","promoting",1,1
"99","season 1","punished",-2,3
"100","season 1","questioned",-1,2
"101","season 1","rash",-2,2
"102","season 1","rebellion",-2,5
"103","season 1","refused",-2,4
"104","season 1","resolves",2,2
"105","season 1","restoring",1,1
"106","season 1","rich",2,2
"107","season 1","ruined",-2,5
"108","season 1","ruins",-2,2
"109","season 1","sad",-2,5
"110","season 1","save",2,5
"111","season 1","scare",-2,1
"112","season 1","scary",-2,2
"113","season 1","secure",2,1
"114","season 1","shit",-4,5
"115","season 1","shocking",-2,3
"116","season 1","shocks",-2,1
"117","season 1","sick",-2,3
"118","season 1","solve",1,1
"119","season 1","somber",-2,1
"120","season 1","stop",-1,8
"121","season 1","stopped",-1,3
"122","season 1","straight",1,5
"123","season 1","strong",2,4
"124","season 1","struggling",-2,4
"125","season 1","stuck",-2,2
"126","season 1","successful",3,1
"127","season 1","super",3,7
"128","season 1","threaten",-2,2
"129","season 1","threatened",-2,3
"130","season 1","threats",-2,3
"131","season 1","top",2,5
"132","season 1","tragedy",-2,3
"133","season 1","tragic",-2,3
"134","season 1","true",2,7
"135","season 1","violence",-3,2
"136","season 1","violent",-3,3
"137","season 1","war",-2,3
"138","season 1","waste",-1,5
"139","season 1","weak",-2,2
"140","season 1","weakness",-2,2
"141","season 1","won",3,3
"142","season 1","worry",-3,1
"143","season 1","worse",-3,6
"144","season 1","worst",-3,5
"145","season 1","worth",2,8
"146","season 1","wow",4,3
"147","season 1","wrong",-2,6
"148","season 1","yeah",1,6
"149","season 2","agree",1,8
"150","season 2","agrees",1,2
"151","season 2","alive",1,5
"152","season 2","amazing",4,5
"153","season 2","ambitious",2,3
"154","season 2","appreciation",2,1
"155","season 2","avoid",-1,6
"156","season 2","awesome",4,4
"157","season 2","badass",-3,3
"158","season 2","bargain",2,5
"159","season 2","battle",-1,7
"160","season 2","battles",-1,1
"161","season 2","biased",-2,2
"162","season 2","bitch",-5,1
"163","season 2","bother",-2,4
"164","season 2","clash",-2,5
"165","season 2","committing",1,1
"166","season 2","conflict",-2,4
"167","season 2","curious",1,5
"168","season 2","cut",-1,3
"169","season 2","damn",-4,4
"170","season 2","demands",-1,1
"171","season 2","denying",-2,1
"172","season 2","desire",1,3
"173","season 2","die",-3,6
"174","season 2","disappointment",-2,5
"175","season 2","dolorous",-2,1
"176","season 2","doubt",-1,3
"177","season 2","dream",1,5
"178","season 2","dumb",-3,4
"179","season 2","easy",1,8
"180","season 2","enjoying",2,6
"181","season 2","evil",-3,5
"182","season 2","excuse",-1,3
"183","season 2","fake",-3,5
"184","season 2","fire",-2,8
"185","season 2","free",1,7
"186","season 2","fresh",1,6
"187","season 2","gain",2,5
"188","season 2","growing",1,5
"189","season 2","growth",2,2
"190","season 2","hard",-1,7
"191","season 2","hate",-3,6
"192","season 2","hell",-4,4
"193","season 2","helps",2,8
"194","season 2","hope",2,6
"195","season 2","horrible",-3,4
"196","season 2","horrified",-3,2
"197","season 2","imprisoned",-2,3
"198","season 2","killed",-3,8
"199","season 2","kills",-3,6
"200","season 2","lazy",-1,1
"201","season 2","lost",-3,5
"202","season 2","love",3,7
"203","season 2","loved",3,7
"204","season 2","loving",2,5
"205","season 2","lucky",3,3
"206","season 2","masterpiece",4,4
"207","season 2","matter",1,5
"208","season 2","motivate",1,3
"209","season 2","murder",-2,4
"210","season 2","naive",-2,2
"211","season 2","nice",3,8
"212","season 2","overlooked",-1,4
"213","season 2","pay",-1,1
"214","season 2","perfect",3,5
"215","season 2","pissed",-4,2
"216","season 2","pretend",-1,5
"217","season 2","pretty",1,7
"218","season 2","protect",1,3
"219","season 2","rebellion",-2,5
"220","season 2","rich",2,2
"221","season 2","sad",-2,5
"222","season 2","starve",-2,2
"223","season 2","stop",-1,8
"224","season 2","straight",1,5
"225","season 2","strange",-1,1
"226","season 2","struggling",-2,4
"227","season 2","super",3,7
"228","season 2","supported",2,2
"229","season 2","torture",-4,3
"230","season 2","true",2,7
"231","season 2","unbiased",2,6
"232","season 2","warned",-2,1
"233","season 2","waste",-1,5
"234","season 2","willingness",2,3
"235","season 2","win",4,5
"236","season 2","winning",4,2
"237","season 2","worth",2,8
"238","season 2","yeah",1,6
"239","season 3","abuse",-3,4
"240","season 3","abuses",-3,4
"241","season 3","accused",-2,1
"242","season 3","admire",3,3
"243","season 3","agree",1,8
"244","season 3","agrees",1,2
"245","season 3","anger",-3,3
"246","season 3","appreciating",2,2
"247","season 3","assassination",-3,2
"248","season 3","attack",-1,5
"249","season 3","attacked",-1,3
"250","season 3","bad",-3,7
"251","season 3","battle",-1,7
"252","season 3","benefits",2,2
"253","season 3","betrayed",-3,5
"254","season 3","biased",-2,2
"255","season 3","bother",-2,4
"256","season 3","capable",1,6
"257","season 3","care",2,4
"258","season 3","cares",2,1
"259","season 3","chances",2,2
"260","season 3","complains",-2,2
"261","season 3","confuse",-2,2
"262","season 3","death",-2,4
"263","season 3","desire",1,3
"264","season 3","die",-3,6
"265","season 3","died",-3,6
"266","season 3","dreams",1,5
"267","season 3","easy",1,8
"268","season 3","enemies",-2,6
"269","season 3","evil",-3,5
"270","season 3","fair",2,3
"271","season 3","faithful",3,1
"272","season 3","falling",-1,4
"273","season 3","favor",2,4
"274","season 3","fear",-2,7
"275","season 3","fight",-1,4
"276","season 3","fire",-2,8
"277","season 3","forced",-1,3
"278","season 3","forget",-1,5
"279","season 3","free",1,7
"280","season 3","freedom",2,2
"281","season 3","fresh",1,6
"282","season 3","fuck",-4,6
"283","season 3","fucked",-4,5
"284","season 3","gain",2,5
"285","season 3","gains",2,4
"286","season 3","grand",3,5
"287","season 3","gray",-1,4
"288","season 3","growing",1,5
"289","season 3","guilt",-3,2
"290","season 3","happy",3,2
"291","season 3","hard",-1,7
"292","season 3","hates",-3,4
"293","season 3","helping",2,4
"294","season 3","helps",2,8
"295","season 3","honor",2,3
"296","season 3","hopes",2,5
"297","season 3","hypocritical",-2,5
"298","season 3","imprisoned",-2,3
"299","season 3","kill",-3,6
"300","season 3","killed",-3,8
"301","season 3","killing",-3,6
"302","season 3","kills",-3,6
"303","season 3","leave",-1,1
"304","season 3","love",3,7
"305","season 3","loved",3,7
"306","season 3","loyal",3,2
"307","season 3","lucky",3,3
"308","season 3","mad",-3,3
"309","season 3","matters",1,2
"310","season 3","meaningless",-2,2
"311","season 3","missing",-2,5
"312","season 3","motivate",1,3
"313","season 3","negative",-2,2
"314","season 3","nice",3,8
"315","season 3","nonsense",-2,4
"316","season 3","oppressed",-2,1
"317","season 3","overlooked",-1,4
"318","season 3","peace",2,3
"319","season 3","popular",3,6
"320","season 3","pretending",-1,3
"321","season 3","pretty",1,7
"322","season 3","prisoner",-2,3
"323","season 3","promised",1,3
"324","season 3","refuse",-2,4
"325","season 3","refusing",-2,3
"326","season 3","sad",-2,5
"327","season 3","save",2,5
"328","season 3","sentenced",-2,3
"329","season 3","shattered",-2,5
"330","season 3","shitty",-3,3
"331","season 3","stop",-1,8
"332","season 3","strong",2,4
"333","season 3","struggling",-2,4
"334","season 3","super",3,7
"335","season 3","support",2,6
"336","season 3","supporting",1,5
"337","season 3","suspect",-1,4
"338","season 3","terrible",-3,5
"339","season 3","threat",-2,3
"340","season 3","threatening",-2,3
"341","season 3","treason",-3,3
"342","season 3","true",2,7
"343","season 3","unaware",-2,4
"344","season 3","unbiased",2,6
"345","season 3","undermines",-2,2
"346","season 3","unfair",-2,1
"347","season 3","unstable",-2,5
"348","season 3","upset",-2,2
"349","season 3","war",-2,3
"350","season 3","waste",-1,5
"351","season 3","win",4,5
"352","season 3","worth",2,8
"353","season 3","wrong",-2,6
"354","season 4","ability",2,2
"355","season 4","agree",1,8
"356","season 4","amazing",4,5
"357","season 4","annoyed",-2,4
"358","season 4","awesome",4,4
"359","season 4","awful",-3,3
"360","season 4","bad",-3,7
"361","season 4","badass",-3,3
"362","season 4","battle",-1,7
"363","season 4","betrayed",-3,5
"364","season 4","capable",1,6
"365","season 4","confident",2,1
"366","season 4","cool",1,4
"367","season 4","crazy",-2,1
"368","season 4","creative",2,3
"369","season 4","cried",-2,2
"370","season 4","death",-2,4
"371","season 4","dedicated",2,3
"372","season 4","doubts",-1,2
"373","season 4","dreams",1,5
"374","season 4","drop",-1,3
"375","season 4","easy",1,8
"376","season 4","enemies",-2,6
"377","season 4","fallen",-2,3
"378","season 4","falling",-1,4
"379","season 4","fan",3,6
"380","season 4","fear",-2,7
"381","season 4","feeling",1,5
"382","season 4","fight",-1,4
"383","season 4","fire",-2,8
"384","season 4","forget",-1,5
"385","season 4","fresh",1,6
"386","season 4","fuck",-4,6
"387","season 4","fucked",-4,5
"388","season 4","god",1,1
"389","season 4","helps",2,8
"390","season 4","hero",2,2
"391","season 4","hopes",2,5
"392","season 4","idiot",-3,2
"393","season 4","killed",-3,8
"394","season 4","lack",-2,2
"395","season 4","losing",-3,4
"396","season 4","lost",-3,5
"397","season 4","love",3,7
"398","season 4","loving",2,5
"399","season 4","missing",-2,5
"400","season 4","neglected",-2,1
"401","season 4","nice",3,8
"402","season 4","popular",3,6
"403","season 4","powerless",-2,3
"404","season 4","praised",3,2
"405","season 4","pretend",-1,5
"406","season 4","recommend",2,3
"407","season 4","shattered",-2,5
"408","season 4","shit",-4,5
"409","season 4","stop",-1,8
"410","season 4","stopping",-1,2
"411","season 4","stuck",-2,2
"412","season 4","super",3,7
"413","season 4","support",2,6
"414","season 4","supporting",1,5
"415","season 4","tragedy",-2,3
"416","season 4","unbiased",2,6
"417","season 4","unstable",-2,5
"418","season 4","worse",-3,6
"419","season 4","worth",2,8
"420","season 5","abandon",-2,2
"421","season 5","abuse",-3,4
"422","season 5","abuses",-3,4
"423","season 5","accidentally",-2,2
"424","season 5","admire",3,3
"425","season 5","admit",-1,2
"426","season 5","affected",-1,1
"427","season 5","agree",1,8
"428","season 5","alive",1,5
"429","season 5","annoyed",-2,4
"430","season 5","assassinations",-3,1
"431","season 5","attack",-1,5
"432","season 5","attacked",-1,3
"433","season 5","avoid",-1,6
"434","season 5","awesome",4,4
"435","season 5","awful",-3,3
"436","season 5","bad",-3,7
"437","season 5","badly",-3,2
"438","season 5","bargain",2,5
"439","season 5","beating",-1,3
"440","season 5","benefit",2,2
"441","season 5","benefitted",2,2
"442","season 5","betrayal",-3,2
"443","season 5","betrayed",-3,5
"444","season 5","bias",-1,2
"445","season 5","blame",-2,1
"446","season 5","broke",-1,2
"447","season 5","capable",1,6
"448","season 5","care",2,4
"449","season 5","clash",-2,5
"450","season 5","confuse",-2,2
"451","season 5","cool",1,4
"452","season 5","cries",-2,2
"453","season 5","critic",-2,2
"454","season 5","critics",-2,2
"455","season 5","curious",1,5
"456","season 5","cutting",-1,3
"457","season 5","damn",-4,4
"458","season 5","dead",-3,5
"459","season 5","death",-2,4
"460","season 5","desire",1,3
"461","season 5","desperately",-3,2
"462","season 5","destroying",-3,3
"463","season 5","die",-3,6
"464","season 5","died",-3,6
"465","season 5","disappointing",-2,3
"466","season 5","disgrace",-2,1
"467","season 5","dream",1,5
"468","season 5","dreams",1,5
"469","season 5","drop",-1,3
"470","season 5","dumb",-3,4
"471","season 5","eager",2,1
"472","season 5","easy",1,8
"473","season 5","enemies",-2,6
"474","season 5","enjoy",2,4
"475","season 5","enjoying",2,6
"476","season 5","excuse",-1,3
"477","season 5","faith",1,3
"478","season 5","fake",-3,5
"479","season 5","falling",-1,4
"480","season 5","fan",3,6
"481","season 5","favor",2,4
"482","season 5","fear",-2,7
"483","season 5","feeling",1,5
"484","season 5","fire",-2,8
"485","season 5","forget",-1,5
"486","season 5","free",1,7
"487","season 5","freedom",2,2
"488","season 5","fresh",1,6
"489","season 5","fuck",-4,6
"490","season 5","fucked",-4,5
"491","season 5","fucking",-4,5
"492","season 5","gain",2,5
"493","season 5","gains",2,4
"494","season 5","grand",3,5
"495","season 5","gray",-1,4
"496","season 5","greed",-3,1
"497","season 5","grief",-2,2
"498","season 5","growing",1,5
"499","season 5","hard",-1,7
"500","season 5","harmed",-2,1
"501","season 5","hate",-3,6
"502","season 5","hated",-3,2
"503","season 5","hates",-3,4
"504","season 5","hell",-4,4
"505","season 5","helping",2,4
"506","season 5","helps",2,8
"507","season 5","honor",2,3
"508","season 5","hope",2,6
"509","season 5","hopes",2,5
"510","season 5","horrible",-3,4
"511","season 5","huge",1,2
"512","season 5","hypocritical",-2,5
"513","season 5","idiot",-3,2
"514","season 5","ignore",-1,3
"515","season 5","insane",-2,3
"516","season 5","intact",2,2
"517","season 5","join",1,2
"518","season 5","joke",2,2
"519","season 5","kill",-3,6
"520","season 5","killed",-3,8
"521","season 5","killing",-3,6
"522","season 5","lol",3,5
"523","season 5","losing",-3,4
"524","season 5","love",3,7
"525","season 5","loved",3,7
"526","season 5","mad",-3,3
"527","season 5","madness",-3,2
"528","season 5","matter",1,5
"529","season 5","mess",-2,3
"530","season 5","messed",-2,1
"531","season 5","miracle",4,2
"532","season 5","missed",-2,2
"533","season 5","missing",-2,5
"534","season 5","murder",-2,4
"535","season 5","negative",-2,2
"536","season 5","nice",3,8
"537","season 5","nonsense",-2,4
"538","season 5","perfect",3,5
"539","season 5","poor",-2,5
"540","season 5","positive",2,1
"541","season 5","powerful",2,1
"542","season 5","powerless",-2,3
"543","season 5","pressure",-1,2
"544","season 5","pretend",-1,5
"545","season 5","pretending",-1,3
"546","season 5","pretty",1,7
"547","season 5","prison",-2,3
"548","season 5","prominent",2,1
"549","season 5","promise",1,2
"550","season 5","promised",1,3
"551","season 5","rape",-4,3
"552","season 5","reach",1,2
"553","season 5","reaches",1,2
"554","season 5","rebellion",-2,5
"555","season 5","refuse",-2,4
"556","season 5","retreat",-1,2
"557","season 5","ridiculous",-3,2
"558","season 5","ruined",-2,5
"559","season 5","save",2,5
"560","season 5","saved",2,3
"561","season 5","shattered",-2,5
"562","season 5","shit",-4,5
"563","season 5","shitty",-3,3
"564","season 5","solution",1,2
"565","season 5","stable",2,2
"566","season 5","stop",-1,8
"567","season 5","stopping",-1,2
"568","season 5","straight",1,5
"569","season 5","super",3,7
"570","season 5","superior",2,2
"571","season 5","support",2,6
"572","season 5","supporting",1,5
"573","season 5","survived",2,3
"574","season 5","suspect",-1,4
"575","season 5","terrible",-3,5
"576","season 5","threatened",-2,3
"577","season 5","threatens",-2,2
"578","season 5","threats",-2,3
"579","season 5","top",2,5
"580","season 5","tragic",-2,3
"581","season 5","travesty",-2,2
"582","season 5","troubled",-2,1
"583","season 5","true",2,7
"584","season 5","trust",1,2
"585","season 5","unaware",-2,4
"586","season 5","unbiased",2,6
"587","season 5","undermines",-2,2
"588","season 5","unstable",-2,5
"589","season 5","vicious",-2,2
"590","season 5","vindicated",2,2
"591","season 5","violent",-3,3
"592","season 5","weakness",-2,2
"593","season 5","weird",-2,3
"594","season 5","willingness",2,3
"595","season 5","win",4,5
"596","season 5","worse",-3,6
"597","season 5","worst",-3,5
"598","season 5","worth",2,8
"599","season 5","wow",4,3
"600","season 5","wrong",-2,6
"601","season 5","yeah",1,6
"602","season 6","abuse",-3,4
"603","season 6","abuses",-3,4
"604","season 6","agree",1,8
"605","season 6","alive",1,5
"606","season 6","amazing",4,5
"607","season 6","angry",-3,3
"608","season 6","avoid",-1,6
"609","season 6","bad",-3,7
"610","season 6","bargain",2,5
"611","season 6","bastards",-5,2
"612","season 6","battle",-1,7
"613","season 6","beating",-1,3
"614","season 6","betrayed",-3,5
"615","season 6","capable",1,6
"616","season 6","care",2,4
"617","season 6","clash",-2,5
"618","season 6","commit",1,3
"619","season 6","confused",-2,1
"620","season 6","creative",2,3
"621","season 6","cry",-1,1
"622","season 6","curious",1,5
"623","season 6","dead",-3,5
"624","season 6","died",-3,6
"625","season 6","disappointed",-2,3
"626","season 6","disappointing",-2,3
"627","season 6","disappointment",-2,5
"628","season 6","disrespect",-2,2
"629","season 6","dream",1,5
"630","season 6","dreams",1,5
"631","season 6","easy",1,8
"632","season 6","enemies",-2,6
"633","season 6","enjoy",2,4
"634","season 6","enjoying",2,6
"635","season 6","fake",-3,5
"636","season 6","fan",3,6
"637","season 6","fantastic",4,2
"638","season 6","favor",2,4
"639","season 6","favorite",2,4
"640","season 6","fear",-2,7
"641","season 6","feeling",1,5
"642","season 6","fire",-2,8
"643","season 6","forget",-1,5
"644","season 6","free",1,7
"645","season 6","fresh",1,6
"646","season 6","frustrating",-2,1
"647","season 6","fucked",-4,5
"648","season 6","fucking",-4,5
"649","season 6","gains",2,4
"650","season 6","glad",3,2
"651","season 6","glory",2,1
"652","season 6","grand",3,5
"653","season 6","gray",-1,4
"654","season 6","hail",2,1
"655","season 6","hard",-1,7
"656","season 6","harm",-2,2
"657","season 6","hate",-3,6
"658","season 6","hell",-4,4
"659","season 6","helping",2,4
"660","season 6","helps",2,8
"661","season 6","hope",2,6
"662","season 6","hopes",2,5
"663","season 6","hypocritical",-2,5
"664","season 6","illegal",-3,2
"665","season 6","kill",-3,6
"666","season 6","killed",-3,8
"667","season 6","killing",-3,6
"668","season 6","kills",-3,6
"669","season 6","lol",3,5
"670","season 6","love",3,7
"671","season 6","loved",3,7
"672","season 6","loving",2,5
"673","season 6","loyalty",3,1
"674","season 6","marvel",3,2
"675","season 6","matter",1,5
"676","season 6","mercy",2,1
"677","season 6","miracle",4,2
"678","season 6","missing",-2,5
"679","season 6","mistaken",-2,1
"680","season 6","murdering",-3,1
"681","season 6","nice",3,8
"682","season 6","perfect",3,5
"683","season 6","poor",-2,5
"684","season 6","popular",3,6
"685","season 6","pretty",1,7
"686","season 6","prison",-2,3
"687","season 6","prisoner",-2,3
"688","season 6","punished",-2,3
"689","season 6","rebellion",-2,5
"690","season 6","recommend",2,3
"691","season 6","refuse",-2,4
"692","season 6","refused",-2,4
"693","season 6","ruin",-2,2
"694","season 6","ruined",-2,5
"695","season 6","sad",-2,5
"696","season 6","saved",2,3
"697","season 6","sentenced",-2,3
"698","season 6","shame",-2,2
"699","season 6","shattered",-2,5
"700","season 6","shitty",-3,3
"701","season 6","sick",-2,3
"702","season 6","slavery",-3,3
"703","season 6","smiles",2,1
"704","season 6","stalling",-2,3
"705","season 6","steal",-2,2
"706","season 6","stop",-1,8
"707","season 6","straight",1,5
"708","season 6","stronger",2,1
"709","season 6","stunning",4,1
"710","season 6","subversive",-2,1
"711","season 6","success",2,1
"712","season 6","superior",2,2
"713","season 6","support",2,6
"714","season 6","supported",2,2
"715","season 6","supporting",1,5
"716","season 6","suspect",-1,4
"717","season 6","terrible",-3,5
"718","season 6","tired",-2,2
"719","season 6","top",2,5
"720","season 6","tortured",-4,2
"721","season 6","treason",-3,3
"722","season 6","true",2,7
"723","season 6","unaware",-2,4
"724","season 6","unbiased",2,6
"725","season 6","unhappy",-2,2
"726","season 6","unstable",-2,5
"727","season 6","unworthy",-2,2
"728","season 6","win",4,5
"729","season 6","worse",-3,6
"730","season 6","worst",-3,5
"731","season 6","worth",2,8
"732","season 6","wrong",-2,6
"733","season 6","yeah",1,6
"734","season 7","accept",1,2
"735","season 7","accepted",1,3
"736","season 7","accomplished",2,2
"737","season 7","afraid",-2,1
"738","season 7","agree",1,8
"739","season 7","alive",1,5
"740","season 7","amazing",4,5
"741","season 7","ambitious",2,3
"742","season 7","anger",-3,3
"743","season 7","angry",-3,3
"744","season 7","annoyed",-2,4
"745","season 7","attack",-1,5
"746","season 7","attacking",-1,3
"747","season 7","avoid",-1,6
"748","season 7","awful",-3,3
"749","season 7","axe",-1,1
"750","season 7","bad",-3,7
"751","season 7","bargain",2,5
"752","season 7","battle",-1,7
"753","season 7","beating",-1,3
"754","season 7","benefits",2,2
"755","season 7","bias",-1,2
"756","season 7","blissful",3,2
"757","season 7","bother",-2,4
"758","season 7","broken",-1,2
"759","season 7","bullshit",-4,1
"760","season 7","chaos",-2,1
"761","season 7","charged",-3,1
"762","season 7","charges",-2,1
"763","season 7","clash",-2,5
"764","season 7","commit",1,3
"765","season 7","complains",-2,2
"766","season 7","conflict",-2,4
"767","season 7","cool",1,4
"768","season 7","critic",-2,2
"769","season 7","criticize",-2,1
"770","season 7","critics",-2,2
"771","season 7","curious",1,5
"772","season 7","cut",-1,3
"773","season 7","cuts",-1,1
"774","season 7","cutting",-1,3
"775","season 7","damage",-3,2
"776","season 7","damn",-4,4
"777","season 7","dead",-3,5
"778","season 7","deceit",-3,2
"779","season 7","dedicated",2,3
"780","season 7","desperate",-3,2
"781","season 7","destroy",-3,2
"782","season 7","destroyed",-3,2
"783","season 7","destroying",-3,3
"784","season 7","die",-3,6
"785","season 7","died",-3,6
"786","season 7","disappointing",-2,3
"787","season 7","disappointment",-2,5
"788","season 7","disbelieve",-2,1
"789","season 7","dispute",-2,1
"790","season 7","disrespect",-2,2
"791","season 7","dream",1,5
"792","season 7","drop",-1,3
"793","season 7","dud",-2,1
"794","season 7","dumb",-3,4
"795","season 7","easy",1,8
"796","season 7","empty",-1,1
"797","season 7","enemies",-2,6
"798","season 7","enemy",-2,2
"799","season 7","enjoy",2,4
"800","season 7","enjoying",2,6
"801","season 7","entertaining",2,1
"802","season 7","evil",-3,5
"803","season 7","excuse",-1,3
"804","season 7","fake",-3,5
"805","season 7","fallen",-2,3
"806","season 7","fan",3,6
"807","season 7","favorite",2,4
"808","season 7","fear",-2,7
"809","season 7","feeling",1,5
"810","season 7","fight",-1,4
"811","season 7","fire",-2,8
"812","season 7","focused",2,1
"813","season 7","forced",-1,3
"814","season 7","forgotten",-1,1
"815","season 7","free",1,7
"816","season 7","fuck",-4,6
"817","season 7","fucking",-4,5
"818","season 7","gain",2,5
"819","season 7","grace",1,2
"820","season 7","grey",-1,3
"821","season 7","guilt",-3,2
"822","season 7","happy",3,2
"823","season 7","hard",-1,7
"824","season 7","harm",-2,2
"825","season 7","hate",-3,6
"826","season 7","hates",-3,4
"827","season 7","helps",2,8
"828","season 7","hope",2,6
"829","season 7","horrible",-3,4
"830","season 7","horrified",-3,2
"831","season 7","hurrah",5,2
"832","season 7","hurt",-2,1
"833","season 7","hypocritical",-2,5
"834","season 7","ignorance",-2,2
"835","season 7","ignore",-1,3
"836","season 7","illegal",-3,2
"837","season 7","imprisoned",-2,3
"838","season 7","injured",-2,1
"839","season 7","injustice",-2,1
"840","season 7","insane",-2,3
"841","season 7","join",1,2
"842","season 7","kill",-3,6
"843","season 7","killed",-3,8
"844","season 7","killing",-3,6
"845","season 7","kills",-3,6
"846","season 7","leaked",-1,2
"847","season 7","legal",1,1
"848","season 7","lmao",4,2
"849","season 7","lol",3,5
"850","season 7","loose",-3,2
"851","season 7","lost",-3,5
"852","season 7","loved",3,7
"853","season 7","loving",2,5
"854","season 7","masterpiece",4,4
"855","season 7","matters",1,2
"856","season 7","meaningless",-2,2
"857","season 7","mess",-2,3
"858","season 7","missed",-2,2
"859","season 7","mistakes",-2,2
"860","season 7","motivation",1,2
"861","season 7","murder",-2,4
"862","season 7","nice",3,8
"863","season 7","nonsense",-2,4
"864","season 7","offended",-2,1
"865","season 7","overlooked",-1,4
"866","season 7","perfect",3,5
"867","season 7","poor",-2,5
"868","season 7","popular",3,6
"869","season 7","powerless",-2,3
"870","season 7","pretend",-1,5
"871","season 7","pretty",1,7
"872","season 7","prison",-2,3
"873","season 7","prisoner",-2,3
"874","season 7","prisoners",-2,1
"875","season 7","promised",1,3
"876","season 7","protect",1,3
"877","season 7","punished",-2,3
"878","season 7","rape",-4,3
"879","season 7","rebellion",-2,5
"880","season 7","refuse",-2,4
"881","season 7","refused",-2,4
"882","season 7","refusing",-2,3
"883","season 7","ruined",-2,5
"884","season 7","save",2,5
"885","season 7","sentenced",-2,3
"886","season 7","shit",-4,5
"887","season 7","shocking",-2,3
"888","season 7","slavery",-3,3
"889","season 7","solution",1,2
"890","season 7","stalling",-2,3
"891","season 7","starve",-2,2
"892","season 7","steal",-2,2
"893","season 7","stolen",-2,1
"894","season 7","stop",-1,8
"895","season 7","stopped",-1,3
"896","season 7","straight",1,5
"897","season 7","strong",2,4
"898","season 7","struggled",-2,2
"899","season 7","stupid",-2,2
"900","season 7","super",3,7
"901","season 7","support",2,6
"902","season 7","survived",2,3
"903","season 7","sweet",2,1
"904","season 7","tears",-2,2
"905","season 7","tension",-1,1
"906","season 7","terrible",-3,5
"907","season 7","threat",-2,3
"908","season 7","threatening",-2,3
"909","season 7","top",2,5
"910","season 7","torture",-4,3
"911","season 7","tortured",-4,2
"912","season 7","trap",-1,2
"913","season 7","travesty",-2,2
"914","season 7","treason",-3,3
"915","season 7","true",2,7
"916","season 7","unhappy",-2,2
"917","season 7","unjust",-2,1
"918","season 7","upset",-2,2
"919","season 7","validate",1,2
"920","season 7","vicious",-2,2
"921","season 7","vindicated",2,2
"922","season 7","violence",-3,2
"923","season 7","waste",-1,5
"924","season 7","wealth",3,1
"925","season 7","weird",-2,3
"926","season 7","won",3,3
"927","season 7","worse",-3,6
"928","season 7","worst",-3,5
"929","season 7","worth",2,8
"930","season 7","wreck",-2,2
"931","season 7","wrong",-2,6
"932","season 7","wronged",-2,1
"933","season 7","wtf",-4,2
"934","season 7","yeah",1,6
"935","season 8","abandon",-2,2
"936","season 8","abandoned",-2,1
"937","season 8","abandons",-2,1
"938","season 8","ability",2,2
"939","season 8","abuse",-3,4
"940","season 8","abuses",-3,4
"941","season 8","accept",1,2
"942","season 8","accepted",1,3
"943","season 8","accidentally",-2,2
"944","season 8","accomplished",2,2
"945","season 8","admire",3,3
"946","season 8","admit",-1,2
"947","season 8","admitted",-1,1
"948","season 8","agree",1,8
"949","season 8","alive",1,5
"950","season 8","amazing",4,5
"951","season 8","ambitious",2,3
"952","season 8","anger",-3,3
"953","season 8","angry",-3,3
"954","season 8","anticipation",1,1
"955","season 8","apprehensive",-2,1
"956","season 8","assassination",-3,2
"957","season 8","attack",-1,5
"958","season 8","attacked",-1,3
"959","season 8","attacking",-1,3
"960","season 8","authority",1,1
"961","season 8","avoid",-1,6
"962","season 8","awesome",4,4
"963","season 8","bad",-3,7
"964","season 8","badass",-3,3
"965","season 8","badly",-3,2
"966","season 8","battle",-1,7
"967","season 8","beautiful",3,1
"968","season 8","benefit",2,2
"969","season 8","benefitted",2,2
"970","season 8","betray",-3,1
"971","season 8","betrayal",-3,2
"972","season 8","betrayed",-3,5
"973","season 8","betrays",-3,1
"974","season 8","bizarre",-2,1
"975","season 8","blissful",3,2
"976","season 8","bloody",-3,1
"977","season 8","boring",-3,2
"978","season 8","bother",-2,4
"979","season 8","broke",-1,2
"980","season 8","broken",-1,2
"981","season 8","cancelled",-1,1
"982","season 8","capable",1,6
"983","season 8","care",2,4
"984","season 8","carefully",2,1
"985","season 8","chance",2,1
"986","season 8","cheer",2,1
"987","season 8","comfortable",2,2
"988","season 8","commit",1,3
"989","season 8","compelled",1,1
"990","season 8","complain",-2,1
"991","season 8","conflict",-2,4
"992","season 8","cool",1,4
"993","season 8","crap",-3,1
"994","season 8","creative",2,3
"995","season 8","cried",-2,2
"996","season 8","cries",-2,2
"997","season 8","cruel",-3,1
"998","season 8","cruelty",-3,1
"999","season 8","crush",-1,1
"1000","season 8","cut",-1,3
"1001","season 8","cutting",-1,3
"1002","season 8","damage",-3,2
"1003","season 8","damn",-4,4
"1004","season 8","dead",-3,5
"1005","season 8","death",-2,4
"1006","season 8","debt",-2,2
"1007","season 8","deceit",-3,2
"1008","season 8","deny",-2,1
"1009","season 8","desperate",-3,2
"1010","season 8","desperately",-3,2
"1011","season 8","destroy",-3,2
"1012","season 8","destroyed",-3,2
"1013","season 8","destroying",-3,3
"1014","season 8","devastated",-2,2
"1015","season 8","die",-3,6
"1016","season 8","died",-3,6
"1017","season 8","difficult",-1,2
"1018","season 8","dirt",-2,2
"1019","season 8","dirtier",-2,1
"1020","season 8","disappeared",-1,1
"1021","season 8","disappointed",-2,3
"1022","season 8","disappointment",-2,5
"1023","season 8","disaster",-2,1
"1024","season 8","disillusioned",-2,2
"1025","season 8","dislike",-2,2
"1026","season 8","distracted",-2,1
"1027","season 8","doubt",-1,3
"1028","season 8","doubts",-1,2
"1029","season 8","downside",-2,1
"1030","season 8","dreams",1,5
"1031","season 8","dumb",-3,4
"1032","season 8","easy",1,8
"1033","season 8","effective",2,2
"1034","season 8","effectively",2,1
"1035","season 8","enemies",-2,6
"1036","season 8","enemy",-2,2
"1037","season 8","enjoy",2,4
"1038","season 8","enjoying",2,6
"1039","season 8","enjoys",2,1
"1040","season 8","enslaved",-2,2
"1041","season 8","evil",-3,5
"1042","season 8","fabulous",4,1
"1043","season 8","failed",-2,1
"1044","season 8","failing",-2,1
"1045","season 8","fair",2,3
"1046","season 8","faith",1,3
"1047","season 8","falling",-1,4
"1048","season 8","fan",3,6
"1049","season 8","favorite",2,4
"1050","season 8","fear",-2,7
"1051","season 8","feeling",1,5
"1052","season 8","fine",2,2
"1053","season 8","fire",-2,8
"1054","season 8","fired",-2,1
"1055","season 8","forced",-1,3
"1056","season 8","forget",-1,5
"1057","season 8","free",1,7
"1058","season 8","fresh",1,6
"1059","season 8","frustrated",-2,1
"1060","season 8","frustration",-2,1
"1061","season 8","fuck",-4,6
"1062","season 8","fucked",-4,5
"1063","season 8","fucking",-4,5
"1064","season 8","fun",4,1
"1065","season 8","gain",2,5
"1066","season 8","gains",2,4
"1067","season 8","glad",3,2
"1068","season 8","grace",1,2
"1069","season 8","grand",3,5
"1070","season 8","granted",1,2
"1071","season 8","gray",-1,4
"1072","season 8","grey",-1,3
"1073","season 8","grief",-2,2
"1074","season 8","growing",1,5
"1075","season 8","guarantee",1,2
"1076","season 8","guilty",-3,1
"1077","season 8","hard",-1,7
"1078","season 8","hate",-3,6
"1079","season 8","hated",-3,2
"1080","season 8","hates",-3,4
"1081","season 8","hell",-4,4
"1082","season 8","helping",2,4
"1083","season 8","helps",2,8
"1084","season 8","hero",2,2
"1085","season 8","honest",2,2
"1086","season 8","honor",2,3
"1087","season 8","honour",2,2
"1088","season 8","hope",2,6
"1089","season 8","hopes",2,5
"1090","season 8","horrible",-3,4
"1091","season 8","huge",1,2
"1092","season 8","hurrah",5,2
"1093","season 8","hypocritical",-2,5
"1094","season 8","ignorance",-2,2
"1095","season 8","ignore",-1,3
"1096","season 8","impressed",3,1
"1097","season 8","impressive",3,1
"1098","season 8","improvement",2,2
"1099","season 8","insane",-2,3
"1100","season 8","intact",2,2
"1101","season 8","jealous",-2,1
"1102","season 8","joke",2,2
"1103","season 8","jokes",2,1
"1104","season 8","justice",2,1
"1105","season 8","justified",2,2
"1106","season 8","kill",-3,6
"1107","season 8","killed",-3,8
"1108","season 8","killing",-3,6
"1109","season 8","kills",-3,6
"1110","season 8","lack",-2,2
"1111","season 8","leak",-1,1
"1112","season 8","leaked",-1,2
"1113","season 8","lmao",4,2
"1114","season 8","lol",3,5
"1115","season 8","loose",-3,2
"1116","season 8","losing",-3,4
"1117","season 8","lost",-3,5
"1118","season 8","lovable",3,1
"1119","season 8","love",3,7
"1120","season 8","loved",3,7
"1121","season 8","loyal",3,2
"1122","season 8","mad",-3,3
"1123","season 8","madness",-3,2
"1124","season 8","marvel",3,2
"1125","season 8","masterpiece",4,4
"1126","season 8","matter",1,5
"1127","season 8","mess",-2,3
"1128","season 8","misleading",-3,1
"1129","season 8","missing",-2,5
"1130","season 8","mistake",-2,1
"1131","season 8","moaning",-2,1
"1132","season 8","motivation",1,2
"1133","season 8","murder",-2,4
"1134","season 8","murderer",-2,1
"1135","season 8","nice",3,8
"1136","season 8","nonsense",-2,4
"1137","season 8","obsessed",2,1
"1138","season 8","odd",-2,1
"1139","season 8","opportunities",2,1
"1140","season 8","outcry",-2,1
"1141","season 8","overlooked",-1,4
"1142","season 8","pain",-2,1
"1143","season 8","passive",-1,1
"1144","season 8","peace",2,3
"1145","season 8","perfect",3,5
"1146","season 8","pissed",-4,2
"1147","season 8","pleased",3,1
"1148","season 8","poor",-2,5
"1149","season 8","popular",3,6
"1150","season 8","praised",3,2
"1151","season 8","pressure",-1,2
"1152","season 8","pretend",-1,5
"1153","season 8","pretending",-1,3
"1154","season 8","pretty",1,7
"1155","season 8","prevent",-1,1
"1156","season 8","promise",1,2
"1157","season 8","promises",1,1
"1158","season 8","protect",1,3
"1159","season 8","questioned",-1,2
"1160","season 8","rape",-4,3
"1161","season 8","rash",-2,2
"1162","season 8","reach",1,2
"1163","season 8","reached",1,1
"1164","season 8","reaches",1,2
"1165","season 8","recommend",2,3
"1166","season 8","refused",-2,4
"1167","season 8","refusing",-2,3
"1168","season 8","regret",-2,1
"1169","season 8","resolves",2,2
"1170","season 8","retreat",-1,2
"1171","season 8","revenge",-2,1
"1172","season 8","rewarded",2,1
"1173","season 8","ridiculous",-3,2
"1174","season 8","ruin",-2,2
"1175","season 8","ruined",-2,5
"1176","season 8","ruining",-2,1
"1177","season 8","ruins",-2,2
"1178","season 8","sad",-2,5
"1179","season 8","safe",1,1
"1180","season 8","satisfied",2,1
"1181","season 8","save",2,5
"1182","season 8","saved",2,3
"1183","season 8","scary",-2,2
"1184","season 8","screams",-2,1
"1185","season 8","shame",-2,2
"1186","season 8","shattered",-2,5
"1187","season 8","shit",-4,5
"1188","season 8","shocked",-2,1
"1189","season 8","shocking",-2,3
"1190","season 8","shoot",-1,1
"1191","season 8","sick",-2,3
"1192","season 8","slavery",-3,3
"1193","season 8","smarter",2,1
"1194","season 8","solid",2,1
"1195","season 8","spirit",1,1
"1196","season 8","stab",-2,1
"1197","season 8","stable",2,2
"1198","season 8","stalling",-2,3
"1199","season 8","stop",-1,8
"1200","season 8","stopped",-1,3
"1201","season 8","stops",-1,1
"1202","season 8","strong",2,4
"1203","season 8","struggled",-2,2
"1204","season 8","struggling",-2,4
"1205","season 8","stupid",-2,2
"1206","season 8","suffer",-2,1
"1207","season 8","super",3,7
"1208","season 8","superb",5,1
"1209","season 8","support",2,6
"1210","season 8","supporting",1,5
"1211","season 8","survived",2,3
"1212","season 8","suspect",-1,4
"1213","season 8","swear",-2,1
"1214","season 8","swift",2,1
"1215","season 8","sympathetic",2,1
"1216","season 8","tears",-2,2
"1217","season 8","terrible",-3,5
"1218","season 8","threat",-2,3
"1219","season 8","threaten",-2,2
"1220","season 8","threatened",-2,3
"1221","season 8","threatening",-2,3
"1222","season 8","threatens",-2,2
"1223","season 8","threats",-2,3
"1224","season 8","timid",-2,1
"1225","season 8","tired",-2,2
"1226","season 8","top",2,5
"1227","season 8","torture",-4,3
"1228","season 8","tragedy",-2,3
"1229","season 8","tragic",-2,3
"1230","season 8","trap",-1,2
"1231","season 8","trauma",-3,1
"1232","season 8","traumatic",-3,1
"1233","season 8","trouble",-2,1
"1234","season 8","true",2,7
"1235","season 8","trust",1,2
"1236","season 8","unaware",-2,4
"1237","season 8","unbiased",2,6
"1238","season 8","uncredited",-1,1
"1239","season 8","unstable",-2,5
"1240","season 8","unworthy",-2,2
"1241","season 8","validate",1,2
"1242","season 8","victim",-3,1
"1243","season 8","violent",-3,3
"1244","season 8","vision",1,1
"1245","season 8","war",-2,3
"1246","season 8","warm",1,1
"1247","season 8","warning",-3,1
"1248","season 8","waste",-1,5
"1249","season 8","wasted",-2,1
"1250","season 8","weak",-2,2
"1251","season 8","weird",-2,3
"1252","season 8","willingness",2,3
"1253","season 8","win",4,5
"1254","season 8","winning",4,2
"1255","season 8","won",3,3
"1256","season 8","wonderful",4,1
"1257","season 8","worrying",-3,1
"1258","season 8","worse",-3,6
"1259","season 8","worst",-3,5
"1260","season 8","worth",2,8
"1261","season 8","wow",4,3
"1262","season 8","wreck",-2,2
"1263","season 8","wrong",-2,6
"1264","season 8","wtf",-4,2
"1265","season 8","yeah",1,6
